arm,interruption,order,pair_id,product_claim_allowed,state,task_id,trial_id
baseline,conversation_context_reset,AB,p002,False,NOT_EXECUTED,research-costs,p002-baseline
qikvrt,conversation_context_reset,AB,p002,False,NOT_EXECUTED,research-costs,p002-qikvrt
qikvrt,assistant_process_loss,BA,p003,False,NOT_EXECUTED,research-costs,p003-qikvrt
baseline,assistant_process_loss,BA,p003,False,NOT_EXECUTED,research-costs,p003-baseline
qikvrt,assistant_process_loss,BA,p001,False,NOT_EXECUTED,research-costs,p001-qikvrt
baseline,assistant_process_loss,BA,p001,False,NOT_EXECUTED,research-costs,p001-baseline
qikvrt,assistant_process_loss,BA,p007,False,NOT_EXECUTED,document-recovery,p007-qikvrt
baseline,assistant_process_loss,BA,p007,False,NOT_EXECUTED,document-recovery,p007-baseline
qikvrt,conversation_context_reset,BA,p010,False,NOT_EXECUTED,document-recovery,p010-qikvrt
baseline,conversation_context_reset,BA,p010,False,NOT_EXECUTED,document-recovery,p010-baseline
qikvrt,conversation_context_reset,BA,p004,False,NOT_EXECUTED,research-costs,p004-qikvrt
baseline,conversation_context_reset,BA,p004,False,NOT_EXECUTED,research-costs,p004-baseline
baseline,conversation_context_reset,AB,p006,False,NOT_EXECUTED,research-costs,p006-baseline
qikvrt,conversation_context_reset,AB,p006,False,NOT_EXECUTED,research-costs,p006-qikvrt
baseline,conversation_context_reset,AB,p008,False,NOT_EXECUTED,document-recovery,p008-baseline
qikvrt,conversation_context_reset,AB,p008,False,NOT_EXECUTED,document-recovery,p008-qikvrt
baseline,assistant_process_loss,AB,p011,False,NOT_EXECUTED,document-recovery,p011-baseline
qikvrt,assistant_process_loss,AB,p011,False,NOT_EXECUTED,document-recovery,p011-qikvrt
qikvrt,assistant_process_loss,BA,p009,False,NOT_EXECUTED,document-recovery,p009-qikvrt
baseline,assistant_process_loss,BA,p009,False,NOT_EXECUTED,document-recovery,p009-baseline
baseline,assistant_process_loss,AB,p005,False,NOT_EXECUTED,research-costs,p005-baseline
qikvrt,assistant_process_loss,AB,p005,False,NOT_EXECUTED,research-costs,p005-qikvrt
baseline,conversation_context_reset,AB,p012,False,NOT_EXECUTED,document-recovery,p012-baseline
qikvrt,conversation_context_reset,AB,p012,False,NOT_EXECUTED,document-recovery,p012-qikvrt
